model,outcome,term,estimate,p_value,n,fit_stat,fit_value
Q1_OLS,ln_repost,Intercept,-1.1248455848368808,0.0026580712101642143,211,R2,0.3079778132521628
Q1_OLS,ln_repost,log_followers,0.5209947428063489,2.1482194292906495e-10,211,R2,0.3079778132521628
Q1_OLS,ln_repost,text_len,0.001559670485310216,0.0034384104288760773,211,R2,0.3079778132521628
Q1_OLS,ln_repost,n_images,0.014027722831631246,0.7549485693112556,211,R2,0.3079778132521628
Q1_OLS,ln_repost,is_lottery,1.400058061881487,0.00016450726917571667,211,R2,0.3079778132521628
MAIN_OLS_HC3,ln_repost,Intercept,-1.5040186580562922,0.016041398434933685,211,R2,0.4495423177211739
MAIN_OLS_HC3,ln_repost,log_followers,0.34508691640603806,0.0001118408668104284,211,R2,0.4495423177211739
MAIN_OLS_HC3,ln_repost,hist_prior,0.3696054126720544,0.00011579077748222056,211,R2,0.4495423177211739
MAIN_OLS_HC3,ln_repost,has_prior_hist,-0.05264057601699614,0.9117355112087334,211,R2,0.4495423177211739
MAIN_OLS_HC3,ln_repost,text_len,0.0009263316971223072,0.19981822501385915,211,R2,0.4495423177211739
MAIN_OLS_HC3,ln_repost,n_images,-0.016452514173170577,0.6782974148049823,211,R2,0.4495423177211739
MAIN_OLS_HC3,ln_repost,is_lottery,1.1055734966677788,0.01378881364099704,211,R2,0.4495423177211739
MAIN_OLS_HC3,ln_repost,log_age_hours,0.10923558161635483,0.06710487756710425,211,R2,0.4495423177211739
PPML_HC3,reposts,Intercept,-6.058242864435017,0.01762556226866074,211,deviance_R2,0.7846485267384562
PPML_HC3,reposts,log_followers,1.8477315226197695,4.157800030590842e-09,211,deviance_R2,0.7846485267384562
PPML_HC3,reposts,hist_prior,0.5288698701261505,8.331532021258785e-07,211,deviance_R2,0.7846485267384562
PPML_HC3,reposts,has_prior_hist,-2.3508415915207213,0.057271807184539864,211,deviance_R2,0.7846485267384562
PPML_HC3,reposts,text_len,-0.0007431195878217856,0.544060611634475,211,deviance_R2,0.7846485267384562
PPML_HC3,reposts,n_images,-0.16019268975419323,0.23227859307720822,211,deviance_R2,0.7846485267384562
PPML_HC3,reposts,is_lottery,-1.2867763465978865,0.3256334184700034,211,deviance_R2,0.7846485267384562
PPML_HC3,reposts,log_age_hours,0.34489792173742806,0.002205691715541389,211,deviance_R2,0.7846485267384562
HURDLE_LOGIT_HC3,positive_repost,Intercept,-6.683158442194953,1.8587588211934997e-06,211,McFadden_R2,0.4724812644452475
HURDLE_LOGIT_HC3,positive_repost,log_followers,0.6875712006988048,4.389346197158161e-05,211,McFadden_R2,0.4724812644452475
HURDLE_LOGIT_HC3,positive_repost,hist_prior,0.6513021175809627,0.0003276553640437429,211,McFadden_R2,0.4724812644452475
HURDLE_LOGIT_HC3,positive_repost,has_prior_hist,0.03413766591801654,0.9625148455548909,211,McFadden_R2,0.4724812644452475
HURDLE_LOGIT_HC3,positive_repost,text_len,0.0013610926663005342,0.32760609217455694,211,McFadden_R2,0.4724812644452475
HURDLE_LOGIT_HC3,positive_repost,n_images,0.12447712513636261,0.08470584414200735,211,McFadden_R2,0.4724812644452475
HURDLE_LOGIT_HC3,positive_repost,is_lottery,1.4527932381855446,0.036997047016081856,211,McFadden_R2,0.4724812644452475
HURDLE_LOGIT_HC3,positive_repost,log_age_hours,0.3592084864643041,0.001347332538804019,211,McFadden_R2,0.4724812644452475
HURDLE_POSITIVE_OLS_HC3,ln_reposts,Intercept,-0.38388560309126063,0.8028598726644919,111,R2,0.2571057901974897
HURDLE_POSITIVE_OLS_HC3,ln_reposts,log_followers,0.534666925621357,0.01479132417904379,111,R2,0.2571057901974897
HURDLE_POSITIVE_OLS_HC3,ln_reposts,hist_prior,0.29245617732722073,0.041716163143678577,111,R2,0.2571057901974897
HURDLE_POSITIVE_OLS_HC3,ln_reposts,has_prior_hist,-0.7410631983192398,0.5252251321521966,111,R2,0.2571057901974897
HURDLE_POSITIVE_OLS_HC3,ln_reposts,text_len,0.0008100072135693661,0.4865506275093002,111,R2,0.2571057901974897
HURDLE_POSITIVE_OLS_HC3,ln_reposts,n_images,-0.06542141367323892,0.28188959169598526,111,R2,0.2571057901974897
HURDLE_POSITIVE_OLS_HC3,ln_reposts,is_lottery,1.0646531930090697,0.06518182660785325,111,R2,0.2571057901974897
HURDLE_POSITIVE_OLS_HC3,ln_reposts,log_age_hours,-0.04582374483260701,0.6761460340039485,111,R2,0.2571057901974897
HETEROGENEITY_WALD,ln_repost,appeal_x_followers,0.6227337969011505,0.6468291898782195,211,F,0.6227337969011505
HETEROGENEITY_WALD,ln_repost,appeal_x_text,0.14384986631403215,0.9655283577471288,211,F,0.14384986631403215
HETEROGENEITY_WALD,ln_repost,media_x_lottery,0.026342446713590286,0.8712551348950446,184,F,0.026342446713590286
AUTHOR_GROUPED_5FOLD_CV,ln_repost,out_of_sample,0.40767596161834707,,211,RMSE,1.8574263412612235
